,Prognoseraum,Bezeichnung,have_language_deficit_relative,year,attended_kita_more_than_2_years_relative,attended_u8_relative,have_own_tv_relative,have_prominent_visuo_motoric_disorder_relative
0,0101,Zentrum,22.9,2017,90.3,96.0,0,10.0
1,0102,Moabit,37.9,2017,87.9,91.3,0,23.5
2,0103,Gesundbrunnen,43.4,2017,81.7,85.9,0,30.2
3,0104,Wedding,45.7,2017,79.6,88.3,0,28.1
4,0201,Kreuzberg Nord,58.3,2017,89.0,87.8,0,20.2
5,0202,Kreuzberg Süd,22.9,2017,92.6,93.1,0,13.8
6,0203,Kreuzberg Ost,32.2,2017,93.5,87.5,0,15.0
7,0204,Friedrichshain West,24.7,2017,93.7,93.5,0,15.1
8,0205,Friedrichshain Ost,8.7,2017,95.5,94.5,0,9.8
9,0301,Buch,19.5,2017,92.7,93.3,0,31.9
10,0302,Nördliches Pankow,12.5,2017,96.6,97.1,0,17.0
11,0303,Nördliches Weißensee,13.7,2017,94.7,95.2,0,19.8
12,0304,Südliches Pankow,11.3,2017,97.0,95.7,0,16.3
13,0305,Südliches Weißensee,17.6,2017,92.8,94.4,0,20.7
14,0306,Nördl. Prenzl. Berg,11.8,2017,95.2,95.6,0,14.5
15,0307,Südl. Prenzl. Berg,12.8,2017,93.6,95.1,0,12.7
16,0401,Charlottenburg-Nord,35.3,2017,84.0,94.6,0,22.4
17,0402,Westend,21.0,2017,88.4,95.7,0,13.9
18,0403,Charlottenburg,29.6,2017,86.8,95.0,0,17.7
19,0404,Schmargendorf,23.0,2017,92.5,93.3,0,11.5
20,0405,Wilmersdorf,35.3,2017,86.4,95.1,0,18.7
21,0406,Forst Grunewald,0.0,2017,0.0,0.0,0,0.0
22,0501,SPA 1,38.5,2017,80.0,93.1,0,22.5
23,0502,SPA 2,38.7,2017,82.7,93.5,0,25.2
24,0503,SPA 3,36.5,2017,85.6,94.4,0,11.5
25,0504,SPA 4,21.1,2017,90.7,98.1,0,18.7
26,0601,Region A,18.6,2017,93.5,96.9,0,12.7
27,0602,Region B,23.4,2017,90.3,97.2,0,17.0
28,0603,Region C,17.9,2017,92.0,97.2,0,13.9
29,0604,Region D,12.7,2017,93.1,97.6,0,11.9
30,0701,Schöneberg-Nord,44.9,2017,81.2,93.8,0,19.9
31,0702,Schöneberg-Süd,21.9,2017,92.7,95.3,0,14.1
32,0703,Friedenau,12.4,2017,93.9,95.8,0,13.0
33,0704,Tempelhof,27.3,2017,90.1,97.3,0,20.7
34,0705,Mariendorf,27.6,2017,88.7,97.6,0,18.6
35,0706,Marienfelde,32.8,2017,79.9,96.1,0,20.7
36,0707,Lichtenrade,19.7,2017,91.3,97.6,0,19.9
37,0801,Neukölln,51.4,2017,86.0,88.0,0,24.3
38,0802,Britz-Buckow,34.3,2017,86.9,93.5,0,26.7
39,0803,Gropiusstadt,46.3,2017,86.5,87.9,0,19.9
40,0804,Buckow Nord / Rudow,15.8,2017,93.1,94.8,0,16.4
41,0901,Treptow-Köpenick 1,8.0,2017,92.8,94.7,0,11.6
42,0902,Treptow-Köpenick 2,23.4,2017,88.9,90.3,0,25.1
43,0903,Treptow-Köpenick 3,13.7,2017,91.5,94.4,0,15.0
44,0904,Treptow-Köpenick 4,13.5,2017,90.2,94.3,0,17.6
45,0905,Treptow-Köpenick 5,11.6,2017,96.3,94.1,0,12.7
46,1001,Marzahn,32.5,2017,86.8,95.8,0,24.1
47,1002,Hellersdorf,42.2,2017,87.0,91.6,0,38.8
48,1003,Biesdorf,12.9,2017,94.6,98.5,0,15.9
49,1004,Kaulsdorf / Mahlsdorf,18.1,2017,95.9,95.7,0,21.1
50,1101,Hohenschönhausen Nord,34.1,2017,89.4,93.2,0,22.0
51,1102,Hohenschönhausen Süd,31.8,2017,86.0,97.7,0,13.5
52,1103,Lichtenberg Nord,32.5,2017,86.5,92.7,0,22.5
53,1104,Lichtenberg Mitte,23.8,2017,92.7,92.3,0,25.1
54,1105,Lichtenberg Süd,7.9,2017,96.7,97.7,0,10.5
55,1210,Reinickendorf-Ost,47.0,2017,85.5,93.8,0,24.8
56,1221,Tegel,40.6,2017,86.7,94.2,0,21.7
57,1222,Heiligensee-Konradshöhe,13.8,2017,96.2,96.0,0,14.7
58,1223,Frohnau-Hermsdorf,7.7,2017,95.5,97.0,0,18.2
59,1230,Waidmannslust,46.0,2017,80.5,93.9,0,31.9
60,0101,Zentrum,16.6,2013,90.2,92.8,4.6,16.2
61,0102,Moabit,32.5,2013,86.0,92.3,9.3,22.4
62,0103,Gesundbrunnen,60.6,2013,72.7,85.0,17.0,38.0
63,0104,Wedding,55.6,2013,78.6,86.7,20.7,35.0
64,0201,Kreuzberg Nord,51.7,2013,85.2,87.9,13.4,23.7
65,0202,Kreuzberg Süd,17.6,2013,90.2,92.2,3.9,9.5
66,0203,Kreuzberg Ost,30.5,2013,90.5,88.0,4.8,15.3
67,0204,Friedrichshain West,14.8,2013,91.2,91.5,5.7,9.1
68,0205,Friedrichshain Ost,8.9,2013,96.6,93.3,1.8,9.1
69,0301,Buch,22.9,2013,92.4,93.5,19.0,43.7
70,0302,Nördliches Pankow,13.8,2013,94.4,95.4,4.5,18.0
71,0303,Nördliches Weißensee,12.8,2013,95.8,94.3,10.0,22.1
72,0304,Südliches Pankow,9.4,2013,95.3,95.0,3.4,20.0
73,0305,Südliches Weißensee,9.5,2013,94.8,92.5,8.0,21.1
74,0306,Nördlicher Prenzl. Berg,9.3,2013,95.8,95.3,3.3,18.0
75,0307,Südlicher Prenzl. Berg,7.9,2013,93.9,94.3,1.5,13.7
76,0401,Charlottenburg-Nord,24.5,2013,87.8,97.8,7.0,7.7
77,0402,Westend,18.9,2013,88.5,95.7,3.5,11.7
78,0403,Charlottenburg,21.3,2013,89.6,95.5,5.7,13.2
79,0404,Schmargendorf,22.2,2013,87.6,95.2,3.5,20.4
80,0405,Wilmersdorf,27.2,2013,89.3,96.4,4.5,19.4
81,0406,Forst Grunewald,0.0,2013,0.0,0.0,0.0,0.0
82,0501,SPA 1,33.8,2013,79.0,90.8,18.2,20.6
83,0502,SPA 2,27.7,2013,82.6,92.5,17.1,19.6
84,0503,SPA 3,31.1,2013,86.0,92.5,15.5,22.5
85,0504,SPA 4,11.0,2013,92.9,98.1,1.8,18.1
86,0601,Region A,16.2,2013,88.6,97.8,4.3,9.9
87,0602,Region B,15.2,2013,90.7,97.3,6.5,16.6
88,0603,Region C,10.7,2013,92.4,96.6,2.3,10.7
89,0604,Region D,6.2,2013,92.2,97.4,1.5,7.7
90,0701,Schöneberg-Nord,29.6,2013,91.0,93.8,10.2,18.6
91,0702,Schöneberg-Süd,20.5,2013,90.0,93.4,5.6,19.7
92,0703,Friedenau,14.0,2013,91.0,95.0,5.0,14.0
93,0704,Tempelhof,26.0,2013,89.4,94.7,10.8,24.5
94,0705,Mariendorf,25.4,2013,82.9,97.5,11.8,20.0
95,0706,Marienfelde,33.1,2013,78.8,98.1,14.8,26.5
96,0707,Lichtenrade,23.7,2013,86.2,97.4,9.7,26.7
97,0801,Neukölln,55.6,2013,77.0,86.9,18.2,28.6
98,0802,Britz-Buckow,35.0,2013,85.7,92.5,11.1,23.1
99,0803,Gropiusstadt,48.7,2013,85.7,92.5,17.1,27.3
100,0804,Buckow Nord / Rudow,30.5,2013,87.8,92.8,10.8,25.5
101,0901,Treptow-Köpenick 1,5.1,2013,90.7,94.5,7.3,17.3
102,0902,Treptow-Köpenick 2,12.8,2013,93.2,89.9,13.8,16.4
103,0903,Treptow-Köpenick 3,13.1,2013,95.2,92.5,9.5,17.0
104,0904,Treptow-Köpenick 4,6.1,2013,93.8,97.1,8.5,12.5
105,0905,Treptow-Köpenick 5,4.6,2013,94.8,92.9,5.0,8.8
106,1001,Marzahn,29.0,2013,85.0,95.5,20.2,32.5
107,1002,Hellersdorf,39.3,2013,82.5,94.9,23.1,35.4
108,1003,Biesdorf,12.4,2013,94.1,97.2,4.4,16.9
109,1004,Kaulsdorf / Mahlsdorf,18.5,2013,93.9,96.6,6.3,17.4
110,1101,Hohenschönhausen Nord,28.9,2013,87.0,90.6,22.7,24.1
111,1102,Hohenschönhausen Süd,23.9,2013,87.1,92.2,11.7,14.4
112,1103,Lichtenberg Nord,29.1,2013,85.0,92.7,15.0,20.9
113,1104,Lichtenberg Mitte,23.9,2013,90.5,93.6,16.0,21.3
114,1105,Lichtenberg Süd,9.8,2013,95.5,95.0,2.6,11.4
115,1210,Reinickendorf-Ost,49.1,2013,82.9,88.4,21.5,28.2
116,1221,Tegel,28.5,2013,85.3,91.2,14.2,13.8
117,1222,Heiligensee-Konradshöhe,9.8,2013,96.4,96.7,4.8,9.2
118,1223,Frohnau-Hermsdorf,7.8,2013,92.9,98.2,2.5,8.5
119,1230,Waidmannslust,40.4,2013,80.0,91.8,16.1,23.5
120,0101,Zentrum,22.4,2018,87.0,92.9,0,10.2
121,0102,Moabit,30.1,2018,86.9,94.0,0,16.8
122,0103,Gesundbrunnen,55.6,2018,82.4,89.2,0,30.4
123,0104,Wedding,45.0,2018,80.1,89.8,0,26.5
124,0201,Kreuzberg Nord,65.9,2018,86.6,89.9,0,25.7
125,0202,Kreuzberg Süd,19.9,2018,93.6,92.3,0,12.9
126,0203,Kreuzberg Ost,37.0,2018,94.7,90.7,0,13.1
127,0204,Friedrichshain West,26.7,2018,88.6,92.9,0,15.4
128,0205,Friedrichshain Ost,12.1,2018,93.5,94.0,0,8.6
129,0301,Buch,27.5,2018,87.7,90.5,0,28.5
130,0302,Nördliches Pankow,13.0,2018,96.0,98.2,0,18.7
131,0303,Nördliches Weißensee,16.9,2018,92.8,96.6,0,20.8
132,0304,Südliches Pankow,10.1,2018,95.9,95.9,0,14.4
133,0305,Südliches Weißensee,18.9,2018,93.3,96.2,0,20.3
134,0306,Nördl. Prenzl. Berg,12.9,2018,95.5,96.3,0,11.8
135,0307,Südl. Prenzl. Berg,12.4,2018,95.0,95.3,0,10.4
136,0401,Charlottenburg-Nord,34.2,2018,85.7,94.4,0,15.2
137,0402,Westend,24.0,2018,85.9,96.5,0,9.4
138,0403,Charlottenburg,27.0,2018,87.6,94.9,0,15.3
139,0404,Schmargendorf,19.3,2018,91.1,94.8,0,12.9
140,0405,Wilmersdorf,29.7,2018,89.4,94.7,0,16.8
141,0406,Forst Grunewald,0.0,2018,0.0,0.0,0,0.0
142,0501,SPA 1,42.6,2018,78.2,91.5,0,19.3
143,0502,SPA 2,39.9,2018,80.0,92.3,0,23.0
144,0503,SPA 3,37.4,2018,89.9,92.7,0,8.2
145,0504,SPA 4,17.7,2018,88.2,96.3,0,15.2
146,0601,Region A,19.3,2018,94.5,97.3,0,11.9
147,0602,Region B,25.9,2018,90.2,98.1,0,18.0
148,0603,Region C,19.1,2018,90.0,96.9,0,10.7
149,0604,Region D,17.0,2018,92.6,97.7,0,9.2
150,0701,Schöneberg-Nord,37.5,2018,85.4,93.6,0,24.6
151,0702,Schöneberg-Süd,22.6,2018,94.0,97.0,0,12.4
152,0703,Friedenau,15.8,2018,92.2,97.3,0,15.1
153,0704,Tempelhof,29.0,2018,91.1,96.4,0,22.0
154,0705,Mariendorf,26.4,2018,89.5,96.3,0,23.3
155,0706,Marienfelde,32.7,2018,83.8,97.9,0,25.0
156,0707,Lichtenrade,24.3,2018,90.7,97.6,0,21.1
157,0801,Neukölln,41.6,2018,86.4,88.3,0,20.0
158,0802,Britz-Buckow,32.5,2018,89.4,92.8,0,21.0
159,0803,Gropiusstadt,42.9,2018,88.9,90.7,0,28.6
160,0804,Buckow Nord / Rudow,22.6,2018,90.1,93.6,0,23.7
161,0901,Treptow-Köpenick 1,9.8,2018,94.0,94.7,0,14.5
162,0902,Treptow-Köpenick 2,25.1,2018,85.9,89.9,0,20.5
163,0903,Treptow-Köpenick 3,14.5,2018,95.0,95.0,0,15.9
164,0904,Treptow-Köpenick 4,19.2,2018,93.7,95.4,0,18.9
165,0905,Treptow-Köpenick 5,11.5,2018,92.6,95.2,0,10.8
166,1001,Marzahn,40.0,2018,88.0,94.2,0,30.0
167,1002,Hellersdorf,42.2,2018,86.1,91.9,0,40.0
168,1003,Biesdorf,16.3,2018,91.4,95.6,0,16.4
169,1004,Kaulsdorf / Mahlsdorf,13.0,2018,97.2,97.9,0,19.5
170,1101,Hohenschönhausen Nord,38.9,2018,85.7,92.5,0,23.4
171,1102,Hohenschönhausen Süd,29.9,2018,85.5,97.7,0,10.4
172,1103,Lichtenberg Nord,33.4,2018,88.5,96.1,0,20.1
173,1104,Lichtenberg Mitte,29.7,2018,92.1,92.7,0,21.3
174,1105,Lichtenberg Süd,5.8,2018,97.2,96.8,0,13.4
175,1210,Reinickendorf-Ost,48.7,2018,86.9,93.6,0,25.2
176,1221,Tegel,41.5,2018,83.6,93.6,0,22.1
177,1222,Heiligensee-Konradshöhe,6.9,2018,93.5,98.0,0,15.7
178,1223,Frohnau-Hermsdorf,11.1,2018,94.4,97.9,0,14.3
179,1230,Waidmannslust,50.5,2018,81.7,89.9,0,32.7
180,0101,Zentrum,20.7,2012,90.6,88.0,6.4,9.8
181,0102,Moabit,37.6,2012,84.0,80.8,13.7,22.8
182,0103,Gesundbrunnen,59.4,2012,74.7,75.8,25.0,35.0
183,0104,Wedding,53.6,2012,76.1,78.4,21.0,31.9
184,0201,Kreuzberg Nord,38.3,2012,85.9,76.1,16.2,25.5
185,0202,Kreuzberg Süd,15.9,2012,89.2,86.8,5.5,11.7
186,0203,Kreuzberg Ost,28.5,2012,89.7,89.8,6.9,15.2
187,0204,Friedrichshain West,11.6,2012,92.7,86.0,5.2,4.7
188,0205,Friedrichshain Ost,10.7,2012,92.8,87.3,4.4,7.7
189,0301,Buch,24.5,2012,89.2,92.3,12.5,24.5
190,0302,Nördliches Pankow,11.4,2012,95.9,94.0,9.2,16.0
191,0303,Nördliches Weißensee,12.5,2012,96.5,90.4,6.4,18.2
192,0304,Südliches Pankow,9.6,2012,94.6,89.7,5.7,17.5
193,0305,Südliches Weißensee,13.3,2012,94.2,85.8,10.4,20.2
194,0306,Nördlicher Prenzl. Berg,7.2,2012,95.8,91.0,2.8,9.7
195,0307,Südlicher Prenzl. Berg,7.1,2012,96.5,91.1,1.5,10.9
196,0401,Charlottenburg-Nord,22.9,2012,85.0,84.8,20.8,11.3
197,0402,Westend,8.7,2012,91.3,92.8,2.6,4.5
198,0403,Charlottenburg,18.9,2012,90.1,89.8,6.8,12.3
199,0404,Schmargendorf,16.0,2012,89.3,90.5,3.2,19.2
200,0405,Wilmersdorf,22.9,2012,93.1,90.6,6.7,19.2
201,0406,Forst Grunewald,0.0,2012,0.0,0.0,0.0,0.0
202,0501,SPA 1,32.3,2012,83.4,83.9,16.7,12.9
203,0502,SPA 2,25.1,2012,85.8,84.7,17.4,15.9
204,0503,SPA 3,27.1,2012,89.4,83.7,16.4,8.8
205,0504,SPA 4,11.1,2012,90.3,92.4,2.4,16.1
206,0601,Region A,13.6,2012,90.0,91.2,7.1,8.8
207,0602,Region B,13.5,2012,92.0,91.8,9.0,10.9
208,0603,Region C,8.9,2012,93.1,94.8,2.8,9.6
209,0604,Region D,4.1,2012,93.5,93.7,1.6,5.2
210,0701,Schöneberg-Nord,30.8,2012,88.1,84.3,11.6,17.4
211,0702,Schöneberg-Süd,21.3,2012,91.3,85.6,7.0,14.8
212,0703,Friedenau,9.7,2012,93.1,90.9,6.4,6.7
213,0704,Tempelhof,21.0,2012,88.2,86.4,13.2,22.4
214,0705,Mariendorf,22.0,2012,87.9,91.1,15.0,15.6
215,0706,Marienfelde,26.4,2012,80.9,92.0,18.7,15.4
216,0707,Lichtenrade,21.5,2012,88.1,92.4,10.1,21.1
217,0801,Neukölln,49.5,2012,74.9,75.4,17.9,25.7
218,0802,Britz-Buckow,26.5,2012,86.8,86.9,12.3,16.5
219,0803,Gropiusstadt,49.4,2012,86.5,81.4,24.2,25.6
220,0804,Buckow Nord / Rudow,22.5,2012,85.9,86.5,9.9,17.0
221,0901,Treptow-Köpenick 1,5.1,2012,93.0,88.9,10.5,14.1
222,0902,Treptow-Köpenick 2,9.7,2012,90.2,84.2,13.7,13.7
223,0903,Treptow-Köpenick 3,11.3,2012,95.7,91.8,13.2,7.4
224,0904,Treptow-Köpenick 4,5.0,2012,96.9,91.5,7.9,11.0
225,0905,Treptow-Köpenick 5,5.8,2012,95.6,90.1,4.6,9.0
226,1001,Marzahn,30.3,2012,87.4,86.9,27.5,28.2
227,1002,Hellersdorf,31.2,2012,85.7,86.0,28.2,25.2
228,1003,Biesdorf,6.2,2012,95.7,94.1,8.9,14.8
229,1004,Kaulsdorf / Mahlsdorf,12.5,2012,95.5,92.0,7.2,16.1
230,1101,Hohenschönhausen Nord,26.0,2012,90.8,84.2,23.2,20.5
231,1102,Hohenschönhausen Süd,19.3,2012,92.7,87.1,14.3,10.5
232,1103,Lichtenberg Nord,23.9,2012,89.7,86.3,14.3,18.2
233,1104,Lichtenberg Mitte,24.8,2012,90.6,82.8,18.8,16.5
234,1105,Lichtenberg Süd,5.9,2012,95.9,93.7,3.9,9.5
235,1210,Reinickendorf-Ost,45.1,2012,83.8,82.7,20.3,24.6
236,1221,Tegel,27.9,2012,87.9,83.3,19.3,13.9
237,1222,Heiligensee-Konradshöhe,7.3,2012,95.2,88.1,3.8,10.8
238,1223,Frohnau-Hermsdorf,6.6,2012,95.8,91.4,4.1,6.3
239,1230,Waidmannslust,35.8,2012,84.6,86.3,19.1,17.8
240,0101,Zentrum,18.1,2010,91.4027149321267,86.58318425760287,5.414012738853503,6.696428571428571
241,0102,Moabit,38.4,2010,82.29755178907722,78.4090909090909,15.458015267175572,16.612377850162865
242,0103,Gesundbrunnen,53.7,2010,70.9592641261498,81.25984251968504,27.635327635327634,30.49738219895288
243,0104,Wedding,59.5,2010,76.49301143583227,77.05426356589147,25.29960053262317,24.492385786802032
244,0201,Kreuzberg Nord,52.0,2010,83.09278350515464,76.24434389140272,19.574468085106385,23.59081419624217
245,0202,Kreuzberg Süd,22.3,2010,88.35616438356165,87.35632183908046,10.6951871657754,15.689655172413794
246,0203,Kreuzberg Ost,36.8,2010,88.51774530271399,84.38914027149322,11.790393013100436,17.40041928721174
247,0204,Friedrichshain West,6.1,2010,93.48659003831418,91.5966386554622,4.8,7.604562737642586
248,0205,Friedrichshain Ost,12.8,2010,91.57509157509158,85.53459119496856,5.482041587901701,10.110294117647058
249,0301,Buch,29.1,2010,92.54658385093168,86.39455782312925,17.8343949044586,25.30864197530864
250,0302,Nördliches Pankow,9.1,2010,94.78458049886622,89.09574468085107,9.433962264150944,19.772727272727277
251,0303,Nördliches Weißensee,14.1,2010,94.1358024691358,91.13475177304964,10.96345514950166,17.080745341614907
252,0304,Südliches Pankow,10.2,2010,94.87870619946092,88.30128205128206,5.957446808510638,16.146540027137043
253,0305,Südliches Weißensee,15.7,2010,95.23809523809524,86.2533692722372,9.090909090909092,18.09523809523809
254,0306,Nördlicher Prenzl. Berg,9.7,2010,94.82517482517484,89.73509933774834,5.646359583952452,12.988826815642458
255,0307,Südlicher Prenzl. Berg,9.6,2010,96.71052631578948,88.0,1.896551724137931,12.520593080724876
256,0401,Charlottenburg-Nord,17.9,2010,83.33333333333333,82.02247191011236,8.695652173913043,5.0
257,0402,Westend,8.5,2010,92.36947791164658,94.7867298578199,5.857740585774058,9.6
258,0403,Charlottenburg,17.7,2010,86.08695652173913,88.50889192886457,10.654685494223363,9.500609013398297
259,0404,Schmargendorf,13.0,2010,90.74733096085409,90.2439024390244,5.147058823529412,9.824561403508772
260,0405,Wilmersdorf,22.4,2010,87.93103448275862,89.0625,7.339449541284404,12.050739957716702
261,0406,Forst Grunewald,0.0,2010,0.0,0.0,0.0,0.0
262,0501,SPA 1,25.2,2010,82.84106891701829,84.25925925925925,15.83710407239819,13.202247191011235
263,0502,SPA 2,23.1,2010,85.93272171253822,85.2991452991453,18.464052287581698,12.63482280431433
264,0503,SPA 3,24.2,2010,86.63594470046083,86.4321608040201,16.666666666666668,11.52073732718894
265,0504,SPA 4,9.7,2010,91.15646258503402,97.03703703703704,5.2631578947368425,12.32876712328767
266,0601,Region A,10.5,2010,90.5123339658444,92.44897959183672,6.048387096774194,6.273062730627307
267,0602,Region B,7.6,2010,88.48920863309353,91.8762088974855,7.592592592592593,11.50442477876106
268,0603,Region C,8.3,2010,90.27113237639551,93.72759856630825,1.3311148086522462,6.730769230769231
269,0604,Region D,7.5,2010,93.29173166926677,93.03571428571428,1.4331210191082802,3.9184952978056415
270,0701,Schöneberg-Nord,28.4,2010,88.33819241982508,78.75,14.012738853503183,10.850439882697946
271,0702,Schöneberg-Süd,20.6,2010,88.32807570977918,88.73239436619718,8.724832214765101,5.7507987220447285
272,0703,Friedenau,12.7,2010,92.42424242424242,92.26666666666668,7.6923076923076925,6.0
273,0704,Tempelhof,18.5,2010,88.76889848812095,88.47117794486215,14.772727272727272,16.043956043956044
274,0705,Mariendorf,21.9,2010,88.5558583106267,90.0,15.68627450980392,13.387978142076502
275,0706,Marienfelde,18.7,2010,85.28138528138528,90.04739336492891,13.963963963963964,14.957264957264956
276,0707,Lichtenrade,10.4,2010,85.7487922705314,90.20618556701032,14.615384615384617,16.826923076923077
277,0801,Neukölln,44.8,2010,75.28490028490029,75.29118136439268,24.500768049155145,26.477024070021884
278,0802,Britz-Buckow,25.3,2010,82.99776286353467,81.93384223918575,18.89952153110048,17.410714285714285
279,0803,Gropiusstadt,41.0,2010,83.59621451104101,85.90604026845638,27.491408934707906,19.87381703470032
280,0804,Buckow Nord / Rudow,20.4,2010,87.02290076335878,86.35097493036211,14.516129032258064,17.258883248730964
281,0901,Treptow-Köpenick 1,3.6,2010,91.74107142857144,89.25233644859813,8.899297423887587,14.192139737991264
282,0902,Treptow-Köpenick 2,9.5,2010,91.83168316831684,82.06521739130434,13.164556962025316,12.224938875305623
283,0903,Treptow-Köpenick 3,5.5,2010,95.9079283887468,92.01101928374656,13.68421052631579,5.128205128205129
284,0904,Treptow-Köpenick 4,4.3,2010,96.65071770334929,85.57213930348259,7.84313725490196,4.245283018867925
285,0905,Treptow-Köpenick 5,1.8,2010,95.6140350877193,92.2360248447205,5.7057057057057055,4.913294797687861
286,1001,Marzahn,17.2,2010,87.61904761904762,85.03225806451613,27.112232030264817,17.529411764705884
287,1002,Hellersdorf,17.7,2010,86.3036303630363,86.74911660777386,27.160493827160494,29.159802306425043
288,1003,Biesdorf,3.8,2010,96.66666666666669,94.82758620689656,11.11111111111111,5.46448087431694
289,1004,Kaulsdorf / Mahlsdorf,4.0,2010,94.78527607361964,89.1025641025641,10.679611650485436,12.195121951219512
290,1101,Hohenschönhausen Nord,22.3,2010,90.9090909090909,87.1264367816092,26.046511627906977,21.581196581196583
291,1102,Hohenschönhausen Süd,17.2,2010,90.0,90.6810035842294,14.134275618374556,10.32258064516129
292,1103,Lichtenberg Nord,14.8,2010,92.4170616113744,85.75197889182058,17.69041769041769,10.955710955710956
293,1104,Lichtenberg Mitte,20.0,2010,86.45320197044335,86.92098092643052,19.597989949748744,11.163895486935868
294,1105,Lichtenberg Süd,3.8,2010,94.87179487179488,91.3793103448276,3.9130434782608696,9.465020576131687
295,1210,Reinickendorf-Ost,35.6,2010,88.50267379679144,85.54913294797687,22.86501377410468,19.312169312169317
296,1221,Tegel,27.8,2010,83.65650969529086,86.66666666666667,21.661721068249257,12.29050279329609
297,1222,Heiligensee-Konradshöhe,5.4,2010,93.20388349514565,92.3076923076923,2.5510204081632653,6.310679611650485
298,1223,Frohnau-Hermsdorf,7.5,2010,94.15807560137458,93.25842696629212,1.838235294117647,8.904109589041095
299,1230,Waidmannslust,34.5,2010,83.9943342776204,81.86195826645265,16.64167916041979,20.140845070422536
300,0101,Zentrum,20.7,2016,90.1,94.3,4.0,10.9
301,0102,Moabit,35.7,2016,82.5,94.9,8.5,23.0
302,0103,Gesundbrunnen,54.0,2016,78.8,83.1,14.5,37.7
303,0104,Wedding,43.7,2016,77.1,86.7,13.2,33.6
304,0201,Kreuzberg Nord,55.0,2016,86.6,87.5,8.1,28.4
305,0202,Kreuzberg Süd,17.8,2016,91.7,93.6,2.4,16.7
306,0203,Kreuzberg Ost,33.9,2016,91.1,91.1,2.6,19.6
307,0204,Friedrichshain West,22.1,2016,94.8,90.0,4.9,18.0
308,0205,Friedrichshain Ost,12.3,2016,93.5,94.5,2.1,12.4
309,0301,Buch,17.2,2016,86.3,92.6,11.8,26.0
310,0302,Nördliches Pankow,8.7,2016,96.9,94.5,3.4,20.7
311,0303,Nördliches Weißensee,9.8,2016,93.5,97.1,5.9,27.3
312,0304,Südliches Pankow,9.6,2016,95.6,95.4,3.7,17.8
313,0305,Südliches Weißensee,12.2,2016,93.0,95.2,5.1,24.4
314,0306,Nördl. Prenzl. Berg,9.5,2016,95.6,94.0,1.8,14.9
315,0307,Südl. Prenzl. Berg,9.9,2016,95.2,95.2,1.5,14.7
316,0401,Charlottenburg-Nord,44.6,2016,83.0,94.6,13.3,22.6
317,0402,Westend,20.9,2016,88.2,98.5,2.7,11.0
318,0403,Charlottenburg,27.6,2016,90.8,94.8,4.0,19.3
319,0404,Schmargendorf,20.4,2016,90.9,96.7,3.5,14.3
320,0405,Wilmersdorf,31.2,2016,84.8,94.5,4.0,21.7
321,0406,Forst Grunewald,0.0,2016,0.0,0.0,0.0,0.0
322,0501,SPA 1,40.3,2016,78.7,88.8,12.5,23.4
323,0502,SPA 2,34.7,2016,82.1,92.4,14.1,22.5
324,0503,SPA 3,26.2,2016,82.6,94.0,9.9,14.3
325,0504,SPA 4,13.5,2016,90.6,98.0,4.4,19.4
326,0601,Region A,19.6,2016,91.6,96.1,4.1,16.5
327,0602,Region B,27.4,2016,89.3,94.6,7.5,21.5
328,0603,Region C,16.0,2016,93.7,98.7,3.2,12.3
329,0604,Region D,13.6,2016,93.1,97.8,1.7,12.7
330,0701,Schöneberg-Nord,41.0,2016,86.5,94.1,6.2,15.1
331,0702,Schöneberg-Süd,17.9,2016,90.9,96.3,2.1,15.6
332,0703,Friedenau,18.6,2016,93.0,98.1,1.7,12.4
333,0704,Tempelhof,34.9,2016,85.3,97.0,7.4,24.3
334,0705,Mariendorf,25.8,2016,88.2,96.7,11.0,24.8
335,0706,Marienfelde,35.0,2016,82.0,96.4,11.7,29.5
336,0707,Lichtenrade,21.5,2016,89.4,96.2,8.0,21.1
337,0801,Neukölln,48.6,2016,85.5,86.8,11.1,25.5
338,0802,Britz-Buckow,35.0,2016,84.4,93.0,9.3,21.4
339,0803,Gropiusstadt,45.1,2016,88.2,91.3,16.3,25.8
340,0804,Buckow Nord / Rudow,23.5,2016,92.5,93.5,10.3,18.7
341,0901,Treptow-Köpenick 1,8.8,2016,94.4,94.3,8.2,13.5
342,0902,Treptow-Köpenick 2,25.4,2016,85.4,88.5,11.2,16.9
343,0903,Treptow-Köpenick 3,13.1,2016,91.7,94.6,10.6,10.6
344,0904,Treptow-Köpenick 4,19.3,2016,90.0,94.2,8.1,19.7
345,0905,Treptow-Köpenick 5,7.7,2016,96.5,94.9,4.6,7.9
346,1001,Marzahn,36.3,2016,86.7,93.6,17.7,26.4
347,1002,Hellersdorf,33.4,2016,87.3,92.2,21.4,39.7
348,1003,Biesdorf,10.5,2016,93.2,95.6,4.1,16.2
349,1004,Kaulsdorf / Mahlsdorf,11.6,2016,96.6,96.7,5.8,17.3
350,1101,Hohenschönhausen Nord,35.0,2016,87.5,91.9,20.6,26.2
351,1102,Hohenschönhausen Süd,31.5,2016,87.6,97.1,8.0,16.8
352,1103,Lichtenberg Nord,35.3,2016,81.0,93.1,8.0,23.5
353,1104,Lichtenberg Mitte,26.9,2016,89.6,90.7,12.5,28.4
354,1105,Lichtenberg Süd,11.9,2016,92.3,94.3,3.1,15.5
355,1210,Reinickendorf-Ost,43.1,2016,85.9,91.0,15.7,22.1
356,1221,Tegel,38.5,2016,79.7,93.0,15.8,17.5
357,1222,Heiligensee-Konradshöhe,17.2,2016,93.4,97.0,4.0,14.8
358,1223,Frohnau-Hermsdorf,6.5,2016,96.3,97.3,2.1,13.3
359,1230,Waidmannslust,47.3,2016,81.0,92.1,12.0,29.5
360,0101,Zentrum,25.4,2015,88.3,93.5,4.3,14.7
361,0102,Moabit,42.6,2015,85.6,90.8,8.1,29.1
362,0103,Gesundbrunnen,60.7,2015,77.9,85.3,15.3,36.5
363,0104,Wedding,47.3,2015,75.9,87.5,15.6,34.5
364,0201,Kreuzberg Nord,47.7,2015,82.5,89.7,9.1,23.6
365,0202,Kreuzberg Süd,17.0,2015,91.9,89.7,2.2,12.0
366,0203,Kreuzberg Ost,30.4,2015,91.5,87.4,4.2,16.0
367,0204,Friedrichshain West,17.1,2015,92.1,93.7,7.9,12.4
368,0205,Friedrichshain Ost,7.1,2015,95.0,93.2,2.5,9.7
369,0301,Buch,17.5,2015,90.7,92.9,16.2,35.2
370,0302,Nördliches Pankow,8.1,2015,95.8,96.7,5.7,15.3
371,0303,Nördliches Weißensee,9.2,2015,95.9,94.7,6.0,22.0
372,0304,Südliches Pankow,8.2,2015,94.9,95.0,3.7,19.3
373,0305,Südliches Weißensee,11.1,2015,95.3,95.7,6.7,22.8
374,0306,Nördl. Prenzl. Berg,8.9,2015,95.5,94.6,2.6,13.7
375,0307,Südl. Prenzl. Berg,5.4,2015,96.1,93.2,0.6,11.9
376,0401,Charlottenburg-Nord,33.3,2015,83.0,95.8,9.8,18.7
377,0402,Westend,17.6,2015,88.2,98.5,1.9,8.2
378,0403,Charlottenburg,23.7,2015,86.9,94.3,6.2,18.2
379,0404,Schmargendorf,21.0,2015,89.1,95.7,2.9,23.8
380,0405,Wilmersdorf,27.8,2015,86.1,96.5,3.5,24.3
381,0406,Forst Grunewald,0.0,2015,0.0,0.0,0.0,0.0
382,0501,SPA 1,36.9,2015,81.3,92.4,14.8,24.0
383,0502,SPA 2,30.4,2015,81.6,94.1,13.5,21.0
384,0503,SPA 3,43.3,2015,78.0,92.0,13.9,19.4
385,0504,SPA 4,19.3,2015,84.8,96.6,5.0,20.2
386,0601,Region A,20.7,2015,89.8,96.6,6.5,14.7
387,0602,Region B,22.5,2015,87.7,95.8,8.1,27.0
388,0603,Region C,14.1,2015,91.5,98.0,3.0,17.0
389,0604,Region D,7.4,2015,92.0,97.0,3.4,9.5
390,0701,Schöneberg-Nord,41.3,2015,89.0,93.2,4.3,22.0
391,0702,Schöneberg-Süd,18.0,2015,89.8,93.4,3.4,17.8
392,0703,Friedenau,14.4,2015,90.1,97.1,4.6,17.8
393,0704,Tempelhof,34.2,2015,83.9,96.8,8.7,28.4
394,0705,Mariendorf,31.7,2015,84.8,95.4,9.4,25.3
395,0706,Marienfelde,32.2,2015,79.2,96.0,10.5,26.5
396,0707,Lichtenrade,24.1,2015,84.9,96.2,4.3,18.6
397,0801,Neukölln,48.4,2015,76.3,88.2,13.8,27.7
398,0802,Britz-Buckow,37.0,2015,82.8,92.0,10.3,23.3
399,0803,Gropiusstadt,50.7,2015,83.3,91.4,19.1,32.7
400,0804,Buckow Nord / Rudow,29.5,2015,87.8,93.3,7.9,22.8
401,0901,Treptow-Köpenick 1,4.3,2015,94.0,92.3,6.1,12.3
402,0902,Treptow-Köpenick 2,14.4,2015,88.9,90.1,12.2,19.5
403,0903,Treptow-Köpenick 3,12.7,2015,95.3,97.0,6.8,14.3
404,0904,Treptow-Köpenick 4,14.5,2015,90.2,91.9,11.0,20.3
405,0905,Treptow-Köpenick 5,6.9,2015,94.6,95.3,4.3,14.1
406,1001,Marzahn,34.0,2015,82.6,96.1,20.4,36.6
407,1002,Hellersdorf,41.0,2015,82.2,93.6,18.9,34.7
408,1003,Biesdorf,11.8,2015,95.1,96.9,4.5,18.0
409,1004,Kaulsdorf / Mahlsdorf,14.3,2015,95.8,97.5,6.5,22.7
410,1101,Hohenschönhausen Nord,33.7,2015,86.0,93.6,21.3,27.2
411,1102,Hohenschönhausen Süd,29.7,2015,84.0,97.7,12.4,17.4
412,1103,Lichtenberg Nord,30.6,2015,86.8,94.3,8.3,29.1
413,1104,Lichtenberg Mitte,23.1,2015,90.1,94.2,16.0,23.6
414,1105,Lichtenberg Süd,3.8,2015,97.3,96.6,3.3,14.8
415,1210,Reinickendorf-Ost,44.8,2015,82.1,90.5,18.1,19.5
416,1221,Tegel,40.5,2015,77.8,89.1,12.6,14.5
417,1222,Heiligensee-Konradshöhe,7.8,2015,96.5,95.0,2.4,3.5
418,1223,Frohnau-Hermsdorf,12.2,2015,94.3,97.5,1.7,13.6
419,1230,Waidmannslust,48.5,2015,76.1,93.4,12.9,26.1
420,0101,Zentrum,16.7,2008,86.24595469255664,78.9980732177264,9.700176366843031,12.01923076923077
421,0102,Moabit,38.5,2008,80.23850085178876,79.46257197696737,15.555555555555555,16.826923076923077
422,0103,Gesundbrunnen,57.5,2008,68.02816901408451,76.34782608695652,34.56561922365989,29.6875
423,0104,Wedding,48.8,2008,74.10358565737052,74.38825448613377,29.320113314447596,25.62747688243065
424,0201,Kreuzberg Nord,42.1,2008,80.32128514056225,76.52370203160271,22.085889570552148,23.895582329317268
425,0202,Kreuzberg Süd,22.2,2008,84.99025341130604,82.24101479915433,9.591836734693878,14.814814814814817
426,0203,Kreuzberg Ost,39.9,2008,87.78054862842893,81.02981029810299,16.966580976863753,17.617866004962778
427,0204,Friedrichshain West,25.2,2008,89.64143426294821,84.95145631067962,14.163090128755364,19.12350597609562
428,0205,Friedrichshain Ost,14.7,2008,92.56360078277886,81.30630630630631,6.6115702479338845,12.13307240704501
429,0301,Buch,18.4,2008,93.26923076923076,87.62886597938144,14.285714285714286,27.884615384615383
430,0302,Nördliches Pankow,11.4,2008,96.93396226415096,89.84375,10.0,13.583138173302109
431,0303,Nördliches Weißensee,10.5,2008,92.1311475409836,93.23843416370109,7.958477508650519,13.86138613861386
432,0304,Südliches Pankow,9.1,2008,95.05988023952096,88.74172185430463,5.17799352750809,13.988095238095235
433,0305,Südliches Weißensee,14.3,2008,92.28650137741047,88.72403560830861,11.377245508982035,11.956521739130435
434,0306,Nördlicher Prenzl. Berg,10.2,2008,94.7278911564626,90.48543689320388,6.284658040665434,11.092150170648464
435,0307,Südlicher Prenzl. Berg,6.0,2008,97.31543624161074,87.53246753246754,2.823529411764706,6.222222222222222
436,0401,Charlottenburg-Nord,17.8,2008,84.40366972477064,83.15789473684211,16.50485436893204,16.9811320754717
437,0402,Westend,8.7,2008,91.92307692307692,95.2991452991453,3.5294117647058822,9.448818897637794
438,0403,Charlottenburg,17.5,2008,84.89042675893887,84.58445040214477,9.79689366786141,10.930232558139537
439,0404,Schmargendorf,10.8,2008,84.94623655913979,86.61087866108787,7.835820895522388,10.37037037037037
440,0405,Wilmersdorf,21.4,2008,85.99221789883268,87.89237668161435,6.818181818181818,18.395303326810176
441,0406,Forst Grunewald,0.0,2008,0.0,0.0,0.0,0.0
442,0501,SPA 1,23.2,2008,81.09919571045576,84.32267884322678,21.294964028776977,18.926174496644297
443,0502,SPA 2,22.6,2008,82.72583201267828,84.2756183745583,12.265758091993186,14.536741214057509
444,0503,SPA 3,34.2,2008,84.82142857142857,80.95238095238095,23.25581395348837,16.964285714285715
445,0504,SPA 4,11.4,2008,92.45283018867924,92.3076923076923,2.027027027027027,13.20754716981132
446,0601,Region A,14.5,2008,91.03313840155946,90.37199124726476,9.387755102040815,9.001956947162427
447,0602,Region B,17.7,2008,89.2249527410208,91.27789046653145,9.146341463414634,17.613636363636363
448,0603,Region C,9.8,2008,92.62166405023548,93.8566552901024,2.936378466557912,9.28
449,0604,Region D,6.2,2008,91.54228855721394,90.67164179104478,1.706484641638225,6.187290969899665
450,0701,Schöneberg-Nord,27.3,2008,82.58426966292134,81.23076923076923,14.953271028037385,14.084507042253522
451,0702,Schöneberg-Süd,21.8,2008,87.42331288343559,88.21548821548822,9.477124183006536,17.391304347826086
452,0703,Friedenau,12.5,2008,94.3181818181818,89.7196261682243,6.606606606606607,10.734463276836156
453,0704,Tempelhof,19.1,2008,86.88888888888889,88.39506172839506,15.676959619952497,12.83783783783784
454,0705,Mariendorf,12.9,2008,89.25619834710744,88.56304985337243,13.569321533923304,12.430939226519335
455,0706,Marienfelde,20.3,2008,85.44600938967136,91.23711340206184,18.5,22.641509433962263
456,0707,Lichtenrade,8.7,2008,90.0262467191601,90.11299435028248,12.35632183908046,14.397905759162304
457,0801,Neukölln,48.2,2008,71.23493975903614,73.96039603960396,25.165016501650165,28.51739788199697
458,0802,Britz-Buckow,26.3,2008,82.75862068965517,83.48214285714286,15.604395604395604,16.90427698574338
459,0803,Gropiusstadt,38.0,2008,81.97879858657244,88.67924528301887,18.50393700787401,18.72791519434629
460,0804,Buckow Nord / Rudow,16.4,2008,84.39153439153439,89.72809667673717,13.218390804597702,19.148936170212767
461,0901,Treptow-Köpenick 1,7.6,2008,90.45346062052506,88.18897637795276,11.868686868686869,10.42654028436019
462,0902,Treptow-Köpenick 2,7.8,2008,91.66666666666669,81.4207650273224,12.76595744680851,15.856777493606138
463,0903,Treptow-Köpenick 3,7.1,2008,91.7948717948718,90.86021505376344,12.266666666666667,7.197943444730077
464,0904,Treptow-Köpenick 4,5.5,2008,93.859649122807,88.26291079812206,15.068493150684931,13.215859030837004
465,0905,Treptow-Köpenick 5,2.6,2008,95.49295774647888,87.31117824773413,5.491329479768786,6.534090909090909
466,1001,Marzahn,23.8,2008,85.08771929824562,84.8159509202454,26.666666666666668,17.705735660847882
467,1002,Hellersdorf,12.7,2008,84.29906542056075,87.45098039215686,26.73267326732673,28.181818181818183
468,1003,Biesdorf,4.4,2008,93.15068493150685,93.22033898305084,8.571428571428571,10.071942446043163
469,1004,Kaulsdorf / Mahlsdorf,4.3,2008,95.3757225433526,89.96865203761756,8.35820895522388,10.404624277456648
470,1101,Hohenschönhausen Nord,31.0,2008,90.9090909090909,84.84848484848484,24.71131639722864,24.72647702407002
471,1102,Hohenschönhausen Süd,16.0,2008,89.39393939393939,86.84210526315789,18.64951768488746,13.414634146341465
472,1103,Lichtenberg Nord,16.6,2008,86.95652173913044,82.84182305630027,23.366834170854272,14.043583535108958
473,1104,Lichtenberg Mitte,23.3,2008,88.18897637795276,80.56338028169014,19.83471074380165,17.587939698492463
474,1105,Lichtenberg Süd,2.9,2008,99.02439024390245,91.75257731958764,8.5,8.133971291866029
475,1210,Reinickendorf-Ost,52.0,2008,85.71428571428571,76.80722891566265,28.24207492795389,25.824175824175825
476,1221,Tegel,30.9,2008,85.63218390804597,81.21019108280255,23.423423423423426,13.881019830028327
477,1222,Heiligensee-Konradshöhe,9.3,2008,94.5,88.60103626943005,5.913978494623656,9.090909090909092
478,1223,Frohnau-Hermsdorf,11.3,2008,92.63157894736842,93.20754716981132,4.761904761904762,7.719298245614035
479,1230,Waidmannslust,28.6,2008,83.67071524966262,85.01529051987768,18.81331403762663,16.331994645247658
480,0101,Zentrum,17.6,2009,89.69404186795491,80.79207920792079,7.4957410562180575,8.860759493670885
481,0102,Moabit,42.6,2009,77.3076923076923,76.15062761506276,15.682281059063136,21.291448516579408
482,0103,Gesundbrunnen,53.5,2009,71.64179104477611,78.0,29.53125,31.64383561643836
483,0104,Wedding,50.6,2009,74.13793103448276,78.23343848580441,28.91737891737892,24.83574244415243
484,0201,Kreuzberg Nord,50.3,2009,83.4,74.5575221238938,19.50718685831622,27.766599597585515
485,0202,Kreuzberg Süd,26.6,2009,86.82745825602969,81.05906313645622,9.88593155893536,19.21641791044776
486,0203,Kreuzberg Ost,43.6,2009,82.4766355140187,84.86486486486487,14.698795180722891,22.377622377622377
487,0204,Friedrichshain West,5.9,2009,89.49152542372882,89.49416342412451,7.5,9.897610921501707
488,0205,Friedrichshain Ost,10.2,2009,94.106463878327,88.34745762711864,3.8229376257545273,9.88593155893536
489,0301,Buch,29.9,2009,88.23529411764706,83.17757009345794,18.181818181818183,40.833333333333336
490,0302,Nördliches Pankow,13.5,2009,94.90291262135922,91.84210526315788,10.38961038961039,17.51824817518248
491,0303,Nördliches Weißensee,15.1,2009,93.4640522875817,91.72661870503596,11.11111111111111,19.016393442622952
492,0304,Südliches Pankow,12.2,2009,94.7887323943662,89.6875,8.484848484848484,17.59656652360515
493,0305,Südliches Weißensee,14.4,2009,94.3019943019943,89.1025641025641,11.377245508982035,21.714285714285715
494,0306,Nördlicher Prenzl. Berg,14.2,2009,94.51219512195122,87.8839590443686,6.776859504132231,16.104294478527606
495,0307,Südlicher Prenzl. Berg,9.5,2009,95.703125,89.39393939393939,2.320675105485232,12.6232741617357
496,0401,Charlottenburg-Nord,17.5,2009,79.6875,84.82142857142857,19.35483870967742,8.661417322834646
497,0402,Westend,8.1,2009,90.6614785992218,89.33333333333333,4.878048780487805,7.450980392156863
498,0403,Charlottenburg,17.9,2009,84.07494145199063,88.70523415977961,8.51581508515815,13.45029239766082
499,0404,Schmargendorf,14.1,2009,90.49180327868852,86.36363636363636,4.436860068259386,16.065573770491802
500,0405,Wilmersdorf,20.8,2009,84.22053231939164,87.04883227176221,5.13347022587269,18.8212927756654
501,0406,Forst Grunewald,0.0,2009,0.0,0.0,0.0,0.0
502,0501,SPA 1,24.0,2009,84.94623655913979,83.38368580060423,14.022662889518411,18.046132971506104
503,0502,SPA 2,25.9,2009,81.94888178913737,82.83712784588441,16.72473867595819,15.248796147672552
504,0503,SPA 3,26.8,2009,86.73469387755102,89.1891891891892,14.130434782608695,13.775510204081632
505,0504,SPA 4,7.3,2009,95.36423841059604,88.35616438356165,4.444444444444445,11.920529801324504
506,0601,Region A,13.5,2009,89.11819887429644,89.375,8.514851485148515,10.38961038961039
507,0602,Region B,14.1,2009,87.36263736263736,90.31620553359684,5.791505791505792,11.11111111111111
508,0603,Region C,8.6,2009,91.3793103448276,91.49659863945578,3.236245954692557,8.240887480190175
509,0604,Region D,5.0,2009,91.75438596491227,92.47967479674796,1.2658227848101269,4.964539007092198
510,0701,Schöneberg-Nord,24.8,2009,87.71929824561404,86.90095846645367,13.45565749235474,13.196480938416425
511,0702,Schöneberg-Süd,26.2,2009,88.28828828828829,87.74834437086092,16.077170418006432,13.855421686746988
512,0703,Friedenau,16.3,2009,91.56327543424318,90.26315789473684,8.443271767810026,7.407407407407407
513,0704,Tempelhof,20.0,2009,89.42731277533039,86.48648648648648,14.928909952606634,18.36283185840708
514,0705,Mariendorf,23.6,2009,85.71428571428571,87.89808917197452,16.71826625386997,14.57725947521866
515,0706,Marienfelde,12.1,2009,83.2618025751073,89.95215311004785,18.51851851851852,12.06896551724138
516,0707,Lichtenrade,7.8,2009,84.82587064676616,90.7859078590786,11.93633952254642,12.75
517,0801,Neukölln,43.3,2009,75.55555555555556,74.88667271078876,25.46439628482972,28.99709302325581
518,0802,Britz-Buckow,24.6,2009,84.42105263157895,85.44600938967136,18.036529680365295,19.327731092436974
519,0803,Gropiusstadt,42.2,2009,83.55704697986577,86.41509433962264,19.784172661870503,27.272727272727277
520,0804,Buckow Nord / Rudow,19.0,2009,89.8989898989899,87.84530386740332,10.133333333333333,20.865139949109416
521,0901,Treptow-Köpenick 1,7.5,2009,93.0,87.72845953002611,13.350785340314136,11.16751269035533
522,0902,Treptow-Köpenick 2,7.8,2009,92.26932668329177,83.65122615803814,13.520408163265309,12.807881773399014
523,0903,Treptow-Köpenick 3,6.4,2009,94.17721518987342,92.14659685863874,8.556149732620321,6.54911838790932
524,0904,Treptow-Köpenick 4,10.4,2009,94.1908713692946,87.4439461883408,9.523809523809524,16.666666666666668
525,0905,Treptow-Köpenick 5,2.3,2009,97.10982658959536,87.65432098765432,4.117647058823529,9.011627906976743
526,1001,Marzahn,14.3,2009,85.16209476309227,84.83547925608012,27.710843373493976,15.24390243902439
527,1002,Hellersdorf,12.2,2009,86.56462585034014,86.40429338103756,27.82764811490126,21.46422628951747
528,1003,Biesdorf,3.2,2009,93.75,91.66666666666669,9.67741935483871,9.6
529,1004,Kaulsdorf / Mahlsdorf,4.1,2009,95.90443686006826,93.77289377289377,8.480565371024735,4.761904761904762
530,1101,Hohenschönhausen Nord,35.3,2009,85.33604887983707,88.8157894736842,27.814569536423843,24.04040404040404
531,1102,Hohenschönhausen Süd,18.8,2009,86.54545454545455,84.8249027237354,15.444015444015443,18.248175182481752
532,1103,Lichtenberg Nord,20.6,2009,85.0253807106599,84.07821229050279,17.112299465240643,16.751269035532996
533,1104,Lichtenberg Mitte,24.0,2009,87.55656108597285,85.06024096385542,20.649651972157773,16.810344827586206
534,1105,Lichtenberg Süd,5.4,2009,96.99570815450645,92.13973799126636,4.910714285714286,8.75
535,1210,Reinickendorf-Ost,37.9,2009,80.52631578947368,81.9620253164557,22.12885154061625,19.84126984126984
536,1221,Tegel,37.7,2009,83.55704697986577,82.49027237354086,19.50354609929078,17.22972972972973
537,1222,Heiligensee-Konradshöhe,11.6,2009,94.76744186046513,94.44444444444444,3.125,14.942528735632184
538,1223,Frohnau-Hermsdorf,7.2,2009,91.58576051779936,92.46575342465754,3.389830508474576,5.51948051948052
539,1230,Waidmannslust,31.3,2009,80.86838534599728,83.69565217391305,20.66957787481805,17.847411444141688
540,0101,Zentrum,17.8,2014,89.6,92.7,4.7,14.7
541,0102,Moabit,34.5,2014,88.5,91.1,11.7,21.4
542,0103,Gesundbrunnen,59.6,2014,72.0,86.5,18.2,36.8
543,0104,Wedding,43.1,2014,74.6,87.9,18.3,28.6
544,0201,Kreuzberg Nord,48.2,2014,84.3,88.2,12.3,22.3
545,0202,Kreuzberg Süd,18.1,2014,92.7,92.8,2.7,15.7
546,0203,Kreuzberg Ost,31.9,2014,88.8,89.8,4.0,17.3
547,0204,Friedrichshain West,11.7,2014,94.3,93.8,4.8,11.5
548,0205,Friedrichshain Ost,6.7,2014,95.5,94.5,3.4,9.1
549,0301,Buch,24.6,2014,84.6,86.2,19.5,31.5
550,0302,Nördliches Pankow,12.4,2014,95.9,95.7,3.6,21.1
551,0303,Nördliches Weißensee,12.1,2014,97.0,95.7,7.3,19.9
552,0304,Südliches Pankow,10.7,2014,95.1,94.4,3.7,19.9
553,0305,Südliches Weißensee,12.4,2014,92.9,91.4,4.8,23.4
554,0306,Nördlicher Prenzl. Berg,11.2,2014,94.8,95.2,2.5,17.4
555,0307,Südlicher Prenzl. Berg,10.4,2014,96.3,92.9,1.2,15.4
556,0401,Charlottenburg-Nord,28.8,2014,83.4,94.4,16.1,19.1
557,0402,Westend,10.6,2014,94.0,97.5,4.9,9.9
558,0403,Charlottenburg,24.7,2014,89.1,96.3,5.1,16.3
559,0404,Schmargendorf,19.0,2014,92.4,96.9,3.1,21.6
560,0405,Wilmersdorf,29.0,2014,86.6,94.5,3.6,22.4
561,0406,Forst Grunewald,0.0,2014,0.0,0.0,0.0,0.0
562,0501,SPA 1,30.9,2014,80.0,91.3,17.5,21.4
563,0502,SPA 2,28.4,2014,81.1,93.1,15.3,24.5
564,0503,SPA 3,27.1,2014,84.6,94.4,12.7,21.1
565,0504,SPA 4,12.6,2014,92.2,96.6,2.2,16.7
566,0601,Region A,17.5,2014,90.3,95.9,4.8,15.5
567,0602,Region B,17.3,2014,90.0,96.5,6.1,24.1
568,0603,Region C,10.1,2014,91.9,96.6,2.6,11.2
569,0604,Region D,5.7,2014,91.5,97.6,1.5,6.8
570,0701,Schöneberg-Nord,41.2,2014,90.5,93.3,5.8,17.6
571,0702,Schöneberg-Süd,24.6,2014,88.8,93.6,4.1,16.1
572,0703,Friedenau,13.0,2014,92.9,96.4,3.3,12.2
573,0704,Tempelhof,30.8,2014,87.6,95.6,11.1,25.0
574,0705,Mariendorf,27.2,2014,85.9,95.0,12.6,31.0
575,0706,Marienfelde,22.0,2014,82.5,97.5,13.7,22.6
576,0707,Lichtenrade,21.7,2014,88.5,96.5,12.1,18.2
577,0801,Neukölln,51.5,2014,75.1,87.6,12.0,27.1
578,0802,Britz-Buckow,30.9,2014,86.1,92.7,13.0,22.1
579,0803,Gropiusstadt,51.1,2014,81.8,89.1,18.0,31.4
580,0804,Buckow Nord / Rudow,24.8,2014,85.0,91.1,12.5,22.7
581,0901,Treptow-Köpenick 1,5.6,2014,94.1,94.5,4.8,11.1
582,0902,Treptow-Köpenick 2,9.7,2014,89.5,92.2,9.7,12.6
583,0903,Treptow-Köpenick 3,9.4,2014,94.9,96.4,4.8,12.7
584,0904,Treptow-Köpenick 4,7.7,2014,92.4,93.9,8.7,14.7
585,0905,Treptow-Köpenick 5,5.4,2014,96.1,94.2,5.6,10.8
586,1001,Marzahn,30.2,2014,85.2,95.0,20.9,36.7
587,1002,Hellersdorf,37.0,2014,80.8,94.0,25.7,29.9
588,1003,Biesdorf,2.9,2014,94.7,98.5,4.0,12.0
589,1004,Kaulsdorf / Mahlsdorf,16.6,2014,94.1,97.2,5.8,15.4
590,1101,Hohenschönhausen Nord,29.4,2014,88.1,91.4,22.7,26.8
591,1102,Hohenschönhausen Süd,30.1,2014,88.0,94.7,8.1,20.2
592,1103,Lichtenberg Nord,29.1,2014,88.4,93.4,12.6,22.5
593,1104,Lichtenberg Mitte,24.5,2014,87.2,94.3,11.3,25.4
594,1105,Lichtenberg Süd,6.7,2014,96.3,98.0,2.5,18.0
595,1210,Reinickendorf-Ost,47.9,2014,80.9,88.9,17.9,27.7
596,1221,Tegel,37.9,2014,81.0,90.3,15.4,15.2
597,1222,Heiligensee-Konradshöhe,7.9,2014,94.8,95.2,3.7,18.8
598,1223,Frohnau-Hermsdorf,6.8,2014,95.8,97.7,3.3,9.9
599,1230,Waidmannslust,45.5,2014,77.4,91.8,15.2,25.9
600,0101,Zentrum,16.6,2011,91.4,89.6,5.2,6.5
601,0102,Moabit,38.3,2011,86.0,77.0,13.9,20.1
602,0103,Gesundbrunnen,59.7,2011,73.9,74.2,23.1,35.0
603,0104,Wedding,56.2,2011,75.7,81.6,21.1,28.1
604,0201,Kreuzberg Nord,33.5,2011,85.3,76.1,19.7,22.2
605,0202,Kreuzberg Süd,16.2,2011,90.0,85.3,7.1,12.3
606,0203,Kreuzberg Ost,32.5,2011,86.6,86.6,9.2,15.7
607,0204,Friedrichshain West,8.1,2011,91.7,88.0,6.0,6.3
608,0205,Friedrichshain Ost,10.9,2011,94.8,87.0,4.1,5.8
609,0301,Buch,12.4,2011,95.7,85.8,12.6,26.1
610,0302,Nördliches Pankow,8.5,2011,95.1,91.5,8.0,13.3
611,0303,Nördliches Weißensee,7.1,2011,96.4,93.1,8.9,15.8
612,0304,Südliches Pankow,6.7,2011,96.3,91.3,5.1,17.0
613,0305,Südliches Weißensee,11.9,2011,95.4,87.9,8.6,17.7
614,0306,Nördlicher Prenzl. Berg,6.1,2011,96.6,89.0,3.6,14.5
615,0307,Südlicher Prenzl. Berg,6.3,2011,96.4,90.5,2.0,13.2
616,0401,Charlottenburg-Nord,11.9,2011,88.0,87.5,12.7,6.2
617,0402,Westend,15.3,2011,91.1,90.4,2.5,7.9
618,0403,Charlottenburg,12.8,2011,89.1,88.6,7.9,7.4
619,0404,Schmargendorf,11.6,2011,90.4,90.6,4.2,6.9
620,0405,Wilmersdorf,20.7,2011,88.6,87.7,5.5,15.8
621,0406,Forst Grunewald,0.0,2011,0.0,0.0,0.0,0.0
622,0501,SPA 1,27.4,2011,85.1,85.6,19.7,13.3
623,0502,SPA 2,23.8,2011,89.9,87.9,17.6,16.0
624,0503,SPA 3,24.4,2011,87.6,85.2,18.0,12.9
625,0504,SPA 4,15.2,2011,90.6,95.9,3.9,10.1
626,0601,Region A,15.6,2011,90.9,91.5,6.7,8.6
627,0602,Region B,10.7,2011,90.4,89.1,10.7,11.5
628,0603,Region C,9.2,2011,92.0,92.9,2.2,5.8
629,0604,Region D,5.4,2011,93.0,92.2,1.6,6.0
630,0701,Schöneberg-Nord,24.5,2011,91.3,82.2,13.0,10.5
631,0702,Schöneberg-Süd,16.9,2011,90.9,84.4,8.5,8.7
632,0703,Friedenau,15.2,2011,92.0,88.3,5.1,11.1
633,0704,Tempelhof,21.7,2011,89.3,87.1,13.3,20.0
634,0705,Mariendorf,22.8,2011,89.2,85.4,15.7,14.8
635,0706,Marienfelde,18.1,2011,81.1,90.2,17.3,22.6
636,0707,Lichtenrade,16.3,2011,87.1,87.9,10.0,14.4
637,0801,Neukölln,35.3,2011,79.1,78.5,20.5,21.7
638,0802,Britz-Buckow,28.1,2011,86.1,83.1,16.4,16.9
639,0803,Gropiusstadt,44.9,2011,82.3,83.5,14.4,21.0
640,0804,Buckow Nord / Rudow,18.6,2011,90.6,89.0,15.6,12.7
641,0901,Treptow-Köpenick 1,4.2,2011,92.7,88.7,9.9,13.5
642,0902,Treptow-Köpenick 2,6.3,2011,94.1,80.5,16.2,12.5
643,0903,Treptow-Köpenick 3,7.9,2011,93.7,91.5,12.6,6.3
644,0904,Treptow-Köpenick 4,6.8,2011,95.2,88.7,5.0,11.7
645,0905,Treptow-Köpenick 5,5.1,2011,95.8,94.8,4.3,7.5
646,1001,Marzahn,27.9,2011,86.5,83.5,29.0,26.2
647,1002,Hellersdorf,31.7,2011,85.8,86.5,24.1,27.1
648,1003,Biesdorf,6.2,2011,96.1,92.9,10.9,11.7
649,1004,Kaulsdorf / Mahlsdorf,10.9,2011,97.0,90.5,9.2,14.8
650,1101,Hohenschönhausen Nord,22.2,2011,91.0,87.0,27.9,19.2
651,1102,Hohenschönhausen Süd,19.3,2011,91.1,88.5,16.8,11.7
652,1103,Lichtenberg Nord,21.4,2011,88.2,84.9,15.2,18.7
653,1104,Lichtenberg Mitte,22.0,2011,88.6,84.6,20.5,14.4
654,1105,Lichtenberg Süd,3.2,2011,97.5,91.6,5.0,6.3
655,1210,Reinickendorf-Ost,39.9,2011,87.0,81.7,22.6,24.9
656,1221,Tegel,31.3,2011,87.3,86.1,18.2,10.5
657,1222,Heiligensee-Konradshöhe,8.0,2011,95.1,89.0,7.4,14.6
658,1223,Frohnau-Hermsdorf,6.6,2011,94.6,91.5,2.5,7.8
659,1230,Waidmannslust,32.8,2011,85.3,83.9,19.3,18.6
660,0101,Zentrum,0,2007,86.10634648370497,79.9163179916318,9.706959706959706,16.385135135135137
661,0102,Moabit,0,2007,78.57142857142857,74.34343434343434,20.502092050209207,19.467554076539106
662,0103,Gesundbrunnen,0,2007,65.58265582655827,75.52674230145867,33.70429252782194,37.32782369146005
663,0104,Wedding,0,2007,67.05729166666667,75.1219512195122,29.055007052186177,26.390685640362225
664,0201,Kreuzberg Nord,0,2007,75.9825327510917,71.42857142857143,25.991189427312776,24.618736383442265
665,0202,Kreuzberg Süd,0,2007,82.63358778625954,79.95642701525054,12.6232741617357,17.24137931034483
666,0203,Kreuzberg Ost,0,2007,79.4392523364486,77.94871794871794,16.626506024096386,22.84382284382284
667,0204,Friedrichshain West,0,2007,84.0,84.4559585492228,15.98360655737705,19.838056680161944
668,0205,Friedrichshain Ost,0,2007,91.3555992141454,82.91571753986332,9.322033898305085,9.580838323353293
669,0301,Buch,0,2007,91.58878504672896,82.3529411764706,19.0,34.31372549019608
670,0302,Nördliches Pankow,0,2007,93.93939393939394,88.64197530864197,11.764705882352942,12.235294117647058
671,0303,Nördliches Weißensee,0,2007,96.96969696969695,91.76029962546816,14.930555555555555,13.310580204778155
672,0304,Südliches Pankow,0,2007,95.05649717514125,87.30407523510972,8.258258258258259,11.7310443490701
673,0305,Südliches Weißensee,0,2007,93.04635761589404,84.90566037735849,15.19434628975265,16.17161716171617
674,0306,Nördlicher Prenzl. Berg,0,2007,92.28243021346468,87.22222222222223,6.642728904847397,11.22112211221122
675,0307,Südlicher Prenzl. Berg,0,2007,95.35398230088497,90.126582278481,4.07673860911271,9.933774834437086
676,0401,Charlottenburg-Nord,0,2007,77.23577235772358,89.91596638655462,0.0,9.01639344262295
677,0402,Westend,0,2007,93.2,91.70506912442396,3.4782608695652173,3.238866396761133
678,0403,Charlottenburg,0,2007,84.18549346016647,86.17021276595744,12.07865168539326,12.062726176115802
679,0404,Schmargendorf,0,2007,83.93442622950819,86.66666666666667,5.6105610561056105,8.945686900958467
680,0405,Wilmersdorf,0,2007,82.6603325415677,88.91891891891892,4.609929078014185,14.084507042253522
681,0406,Forst Grunewald,0,2007,0.0,0.0,0.0,0.0
682,0501,SPA 1,0,2007,80.44619422572178,84.37025796661608,20.495185694635488,17.146596858638745
683,0502,SPA 2,0,2007,81.69642857142857,85.69051580698836,22.149837133550488,18.5459940652819
684,0503,SPA 3,0,2007,81.04265402843602,82.56410256410257,22.448979591836736,21.904761904761905
685,0504,SPA 4,0,2007,93.67088607594935,94.63087248322148,3.5211267605633805,11.656441717791411
686,0601,Region A,0,2007,89.14728682170542,87.83505154639175,8.450704225352112,9.596928982725528
687,0602,Region B,0,2007,90.20618556701032,89.68692449355433,10.054844606946984,17.72805507745267
688,0603,Region C,0,2007,93.95424836601308,92.29390681003584,4.11663807890223,11.716171617161717
689,0604,Region D,0,2007,90.10989010989012,92.15686274509804,2.755267423014587,5.678233438485805
690,0701,Schöneberg-Nord,0,2007,82.77511961722487,77.89757412398922,13.959390862944163,16.019417475728154
691,0702,Schöneberg-Süd,0,2007,88.55421686746988,83.6734693877551,8.201892744479496,16.96969696969697
692,0703,Friedenau,0,2007,90.52631578947368,89.04899135446686,9.166666666666666,16.756756756756758
693,0704,Tempelhof,0,2007,84.38914027149322,82.30958230958231,12.529550827423169,21.11368909512761
694,0705,Mariendorf,0,2007,87.8419452887538,87.24832214765101,15.92356687898089,18.633540372670808
695,0706,Marienfelde,0,2007,82.85714285714286,90.52631578947368,19.8019801980198,10.90047393364929
696,0707,Lichtenrade,0,2007,86.28841607565012,87.62886597938144,11.89873417721519,13.981042654028435
697,0801,Neukölln,0,2007,65.36827195467423,70.1067615658363,26.12681436210848,26.32342277012328
698,0802,Britz-Buckow,0,2007,79.3103448275862,84.65227817745803,14.454976303317537,17.062634989200863
699,0803,Gropiusstadt,0,2007,78.27715355805243,83.13253012048193,19.444444444444443,17.91044776119403
700,0804,Buckow Nord / Rudow,0,2007,86.24078624078624,84.67532467532467,13.903743315508022,13.970588235294118
701,0901,Treptow-Köpenick 1,0,2007,90.35812672176309,82.2289156626506,11.078717201166182,15.702479338842975
702,0902,Treptow-Köpenick 2,0,2007,91.13924050632912,80.16759776536313,17.694369973190348,19.03553299492386
703,0903,Treptow-Köpenick 3,0,2007,92.21105527638191,85.75268817204301,19.791666666666668,7.888040712468193
704,0904,Treptow-Köpenick 4,0,2007,95.73643410852712,87.1900826446281,11.15702479338843,18.65079365079365
705,0905,Treptow-Köpenick 5,0,2007,94.86404833836858,90.58441558441558,7.570977917981073,15.709969788519638
706,1001,Marzahn,0,2007,85.11198945981555,85.26645768025078,26.82215743440233,21.216041397153944
707,1002,Hellersdorf,0,2007,84.06593406593407,84.35643564356435,30.813953488372093,22.591943957968475
708,1003,Biesdorf,0,2007,96.0,96.22641509433964,11.214953271028037,8.0
709,1004,Kaulsdorf / Mahlsdorf,0,2007,95.2076677316294,89.70099667774086,10.367892976588628,9.779179810725552
710,1101,Hohenschönhausen Nord,0,2007,89.32038834951456,86.36363636363636,29.743589743589745,26.697892271662763
711,1102,Hohenschönhausen Süd,0,2007,92.10526315789474,90.234375,14.393939393939394,17.53731343283582
712,1103,Lichtenberg Nord,0,2007,87.5,83.17757009345794,20.930232558139537,9.295774647887324
713,1104,Lichtenberg Mitte,0,2007,87.53246753246754,83.47578347578347,22.727272727272727,15.869017632241814
714,1105,Lichtenberg Süd,0,2007,96.48241206030151,92.17877094972069,7.853403141361256,4.975124378109452
715,1210,Reinickendorf-Ost,0,2007,81.5934065934066,77.71084337349397,30.397727272727277,24.517906336088156
716,1221,Tegel,0,2007,81.81818181818181,87.2852233676976,25.88996763754045,20.95808383233533
717,1222,Heiligensee-Konradshöhe,0,2007,92.3076923076923,91.19170984455958,6.565656565656566,11.961722488038278
718,1223,Frohnau-Hermsdorf,0,2007,95.3125,90.96989966555184,2.6666666666666665,8.09968847352025
719,1230,Waidmannslust,0,2007,80.24032042723631,79.69465648854961,22.031473533619454,17.71812080536913
720,0101,Zentrum,0,2006,85.33094812164579,80.21505376344086,9.293680297397769,18.07017543859649
721,0102,Moabit,0,2006,74.28571428571429,81.08614232209737,21.818181818181817,23.62804878048781
722,0103,Gesundbrunnen,0,2006,62.10670314637483,73.7864077669903,32.291666666666664,41.56706507304117
723,0104,Wedding,0,2006,63.23155216284987,76.11710323574731,27.33160621761658,31.350681536555143
724,0201,Kreuzberg Nord,0,2006,76.70454545454545,73.77049180327869,25.475285171102666,25.095785440613028
725,0202,Kreuzberg Süd,0,2006,79.96357012750455,81.87372708757637,11.439114391143912,17.318435754189945
726,0203,Kreuzberg Ost,0,2006,81.52985074626865,83.03964757709251,16.0075329566855,22.574626865671643
727,0204,Friedrichshain West,0,2006,90.45801526717555,84.86238532110092,10.424710424710424,18.46153846153846
728,0205,Friedrichshain Ost,0,2006,89.80044345898004,86.68407310704961,10.304449648711945,11.685393258426966
729,0301,Buch,0,2006,89.91596638655462,89.28571428571429,15.254237288135592,16.10169491525424
730,0302,Nördliches Pankow,0,2006,95.1923076923077,92.03084832904884,11.604938271604938,13.768115942028986
731,0303,Nördliches Weißensee,0,2006,92.9936305732484,87.88927335640139,10.299003322259136,12.54125412541254
732,0304,Südliches Pankow,0,2006,92.99450549450547,89.05547226386807,9.523809523809524,14.992927864214993
733,0305,Südliches Weißensee,0,2006,91.83098591549296,85.41033434650456,14.88095238095238,18.233618233618238
734,0306,Nördlicher Prenzl. Berg,0,2006,91.34275618374558,86.66666666666667,6.469500924214418,9.30232558139535
735,0307,Südlicher Prenzl. Berg,0,2006,92.56594724220624,85.90785907859079,3.194103194103194,9.024390243902438
736,0401,Charlottenburg-Nord,0,2006,72.11538461538461,90.72164948453609,0.0,11.650485436893204
737,0402,Westend,0,2006,87.3076923076923,91.9831223628692,8.8,1.5384615384615383
738,0403,Charlottenburg,0,2006,82.68215417106653,87.58865248226951,10.151187904967603,14.605543710021324
739,0404,Schmargendorf,0,2006,79.33579335793358,86.93877551020408,7.196969696969697,10.74074074074074
740,0405,Wilmersdorf,0,2006,76.62921348314607,88.91566265060241,7.259953161592506,17.03056768558952
741,0406,Forst Grunewald,0,2006,0.0,0.0,0.0,0.0
742,0501,SPA 1,0,2006,76.37231503579952,85.57951482479784,23.6318407960199,20.479041916167663
743,0502,SPA 2,0,2006,78.51239669421487,87.78625954198473,15.743440233236152,20.58011049723757
744,0503,SPA 3,0,2006,75.84269662921348,82.38993710691824,23.39181286549708,20.786516853932586
745,0504,SPA 4,0,2006,89.63414634146342,92.2077922077922,4.968944099378882,12.422360248447204
746,0601,Region A,0,2006,85.37074148296593,88.23529411764706,8.488612836438923,10.261569416498991
747,0602,Region B,0,2006,85.91800356506239,92.36641221374046,9.107806691449817,14.412811387900357
748,0603,Region C,0,2006,89.2018779342723,89.98242530755712,5.636070853462158,7.550077041602465
749,0604,Region D,0,2006,87.54512635379061,92.38476953907816,3.302752293577982,5.017921146953405
750,0701,Schöneberg-Nord,0,2006,78.64321608040201,79.06976744186046,13.054830287206268,19.746835443037973
751,0702,Schöneberg-Süd,0,2006,83.06010928961749,85.24096385542168,11.977715877437326,20.54794520547945
752,0703,Friedenau,0,2006,84.83412322274881,87.21227621483376,6.295399515738499,15.035799522673033
753,0704,Tempelhof,0,2006,80.46709129511677,83.41232227488152,17.880794701986755,23.026315789473685
754,0705,Mariendorf,0,2006,81.00263852242745,85.87896253602305,19.137466307277627,12.876712328767123
755,0706,Marienfelde,0,2006,84.375,89.5397489539749,15.810276679841897,14.84375
756,0707,Lichtenrade,0,2006,81.91964285714286,88.64197530864197,10.730593607305936,11.337868480725623
757,0801,Neukölln,0,2006,62.219371391917896,72.81323877068557,27.26063829787234,29.921773142112126
758,0802,Britz-Buckow,0,2006,76.32508833922262,85.24271844660194,17.286245353159853,19.746376811594203
759,0803,Gropiusstadt,0,2006,67.45762711864407,84.70149253731343,29.642857142857142,23.591549295774648
760,0804,Buckow Nord / Rudow,0,2006,80.89887640449439,87.32394366197182,13.397129186602871,18.94977168949772
761,0901,Treptow-Köpenick 1,0,2006,89.03743315508021,86.66666666666667,16.71232876712329,16.266666666666666
762,0902,Treptow-Köpenick 2,0,2006,87.97953964194373,80.16759776536313,21.428571428571427,19.743589743589745
763,0903,Treptow-Köpenick 3,0,2006,93.43065693430655,84.39897698209718,18.703241895261847,10.268948655256724
764,0904,Treptow-Köpenick 4,0,2006,94.46808510638296,88.88888888888889,11.73913043478261,11.538461538461538
765,0905,Treptow-Köpenick 5,0,2006,95.7703927492447,89.03225806451613,7.763975155279503,9.50920245398773
766,1001,Marzahn,0,2006,82.01634877384195,83.59621451104101,28.450704225352112,27.83083219645293
767,1002,Hellersdorf,0,2006,84.10041841004184,87.01594533029613,33.69565217391305,28.542094455852155
768,1003,Biesdorf,0,2006,93.27731092436974,95.45454545454544,17.857142857142858,12.605042016806722
769,1004,Kaulsdorf / Mahlsdorf,0,2006,91.324200913242,91.52941176470588,16.8646080760095,15.54054054054054
770,1101,Hohenschönhausen Nord,0,2006,90.95127610208816,83.6734693877551,26.785714285714285,25.158562367864693
771,1102,Hohenschönhausen Süd,0,2006,91.76029962546816,88.88888888888889,18.08118081180812,16.666666666666668
772,1103,Lichtenberg Nord,0,2006,81.37755102040816,87.11484593837535,21.220159151193634,9.923664122137405
773,1104,Lichtenberg Mitte,0,2006,84.48753462603878,84.8396501457726,20.855614973262032,22.61306532663317
774,1105,Lichtenberg Süd,0,2006,91.08910891089108,91.7948717948718,10.294117647058824,9.047619047619047
775,1210,Reinickendorf-Ost,0,2006,78.6096256684492,83.03571428571429,20.9366391184573,33.24324324324324
776,1221,Tegel,0,2006,82.09718670076727,85.55240793201133,21.705426356589147,20.81218274111675
777,1222,Heiligensee-Konradshöhe,0,2006,92.44444444444444,89.3719806763285,6.018518518518518,10.407239819004523
778,1223,Frohnau-Hermsdorf,0,2006,89.47368421052632,88.92405063291139,3.939393939393939,8.70870870870871
779,1230,Waidmannslust,0,2006,78.91061452513966,82.5,22.53922967189729,21.951219512195124
